NICK,state,Name,Title,
NRIC,NZL,Nigel Richards,GM,--
DELD,AUS,David Eldar,GM,--
HWEE,SGP,Hubert Wee,GM,--
ALOG,CAN,Adam Logan,GM,--
ABHA,ARE,Akshay Bhandarkar,GM,--
NVAT,THA,Napat Vatjaranurathorn,GM,--
CMAY,AUS,Chris May,GM,--
KPAN,THA,Komol Panyasoponlert,GM,--
TWEI,SGP,Toh Weibin,GM,--
CITT,THA,Chollapat Itthiaree,GM,--
BSMI,ENG,Brett Smitheram,GM,--
MGOP,IND,Madhav Gopal Kamath,GM,--
AFIS,AUS,Andrew Fisher,GM,--
PGAL,NIR,Paul Gallen,GM,--
WKHA,PAK,Waseem Khatri,GM,--
WJIG,NGA,Wellington Jighere,GM,--
HLAM,ENG,Harshan Lamabadusuriya,GM,--
LMAC,ENG,Lewis Mackay,GM,--
TKOO,THA,Thacha Koowirat,GM,--
JDAY,USA,Jesse Day,GM,--
MTUN,CAN,Matthew Tunnicliffe,GM,--
ARIC,NZL,Alastair Richards,GM,--
DWIE,USA,David Wiegand,GM,--
SROD,IND,Sherwin Rodrigues,GM,--
MNYM,ENG,Mark Nyman,GM,--
ASHI,USA,Austin Shin,GM,--
PSUJ,THA,Panupol Sujjayakorn,IM,*
JTEI,AUS,Jakob Teitelbaum,IM,--
JSOK,CAN,Josh Sokol,IM,--
JABD,NGA,Jimoh Abdulmumin,IM,*
WAND,USA,Will Anderson,IM,**
EOKU,AUS,Edward Okulicz,IM,*
PKOU,AUS,Peter Kougi,IM,*
JCAS,USA,Joshua Castellano,IM,**
SOKO,NGA,Samson Okosagah,IM,*
ADIS,LKA,Adheesha Dissanayake,IM,*
CFAR,AUS,Cameron Farlow,IM,**
ISID,BHR,Irfan Siddiqui,IM,*
VBAL,MYS,Vannitha Balasingam,IM,--
EKAR,NGA,Eta Karo,IM,**
ASIM,SCO,Allan Simmons,IM,**
KBEN,MYS,Khoo Beng Way,IM,--
SROS,USA,Sam Rosin,IM,--
DKOE,USA,David Koenig,IM,--
PAND,POL,Piotr Andronowski,IM,--
BSCH,USA,Ben Schoenbrun,IM,**
DOLU,NGA,Doko Oluwatimilehin,IM,*
CBAS,USA,Conrad Bassett-Bouchard,IM,--
NFER,AUS,Naween Fernando,IM,--
PALL,SCO,Paul Allan,IM,--
DIKE,NGA,Dennis Ikekeregor,IM,--
YJIA,SGP,Yong Jian Rong,IM,--
KMCM,IRE,Kevin McMahon,IM,**
ENWA,NGA,Enoch Nwali,IM,--
CBEE,ENG,Craig Beevers,IM,*
JKLA,THA,Jakkrit Klaphajone,IM,*
HWAR,NZL,Howard Warner,IM,--
NNAK,THA,Nattapat Nak-in,IM,--
JKHO,SGP,Jeremy Khoo,IM,--
HHAD,PAK,Hasham Hadi Khan,IM,--
CMAN,THA,Chaiyottha Manachaisit,IM,--
ASAI,NGA,Ayorinde Saidu,IM,--
ASAK,THA,Atiruth Sakdiyakorn,IM,--
MO'C,USA,Matthew O'Connor,IM,--
ECLI,USA,Evans Clinchy,IM,*
PROB,ENG,Phil Robertshaw,IM,--
JKEL,USA,Jason Keller,IM,--
SMAN,IND,Suyash Manchali,IM,--
AOYE,KEN,Allan Oyende,IM,--
PLIM,THA,Pichai Limprasert,IM,*
BPO,HKG,Brian Po,IM,--
LOWO,IRE,Lukeman Owolabi,IM,*
ABHA,AUS,Anand Bharadwaj,IM,--
SCHI,LKA,Suresh Chinnaiyah,IM,--
NBEN,USA,Nathan Benedict,IM,--
NSUR,THA,Nuti Suri,IM,--
ASAL,PAK,Ali Salman,IM,--
CSIU,SGP,Cheah Siu Hean,IM,--
UGRO,IND,Udayan Grover,IM,--
RKEN,NIR,Rik Kennedy,IM,--
FWEA,IRE,Feargal Weatherhead,IM,--
AERB,THA,Akegapun Erbprasartsook,IM,--
ASAL,PAK,Affan Salman,IM,--
RWEE,SGP,Ryan Wee,IM,--
CLIP,USA,Chris Lipe,IM,--
RPUR,SGP,Ricky Purnomo,IM,--
AIYE,IND,Aditya Iyengar,IM,**
EMAR,SWE,Edward Martin,IM,--
SIMA,PAK,Syed Imaad Ali,IM,--
EGEO,NGA,Ezinore George,IM,--
ESMI,USA,Erickson Smith,IM,--
RBAL,USA,Rasheed Balogun,IM,--
EODO,UGA,Edgar Odongkara,IM,--
RROB,USA,Rob Robinsky,IM,--
GVIC,NGA,Godwin Victor,IM,--
OODU,NGA,Olatunde Oduwole,IM,--
JMOR,ENG,Jack Moran,IM,--
EPER,AUS,Esther Perrins,IM,--
EBER,CAN,Evan Berofsky,IM,--
MNIC,GBR,Mikki Nicholson,IM,--
HHAD,PAK,Hammad Hadi Khan,IM,--
JAIY,NGA,John Aiyedun,IM,--
RHON,AUS,Russell Honeybun,IM,*
THAL,AUS,Trevor Halsall,IM,--
OTEG,NGA,Okiemute Tega,IM,--
JWAP,CAN,Joel Wapnick,IM,--
DPIE,AUS,Daniel Piechnick,IM,--
GTHE,USA,Geoff Thevenot,IM,--
NETI,NGA,Nsikak Etim,IM,--
LKIA,SGP,Liew Kian Boon,IM,--
WMWA,KEN,Willy Mwangi,IM,--
PMOO,THA,Puttapong Moonsarn,IM,--
JCRA,NZL,Joanne Craig,IM,--
PNEM,THA,Pakorn Nemitrmansuk,IM,--
WKAN,MYS,William Kang,IM,--
TBRO,MLT,Theresa Brousson,IM,--
GCAR,THA,Gerry Carter,IM,--
CTAC,GHA,Charles Tachie,IM,--
DEAR,NZL,Dylan Early,IM,--
POMO,NGA,Prince Omosefe,IM,--
HHAD,PAK,Hassan Hadi Khan,IM,--
ISHI,IND,Ishika Shivalingaiah,IM,--
NTHI,THA,Nopparuj Thipkaew,IM,--
GNDE,KEN,Gitonga Nderitu,IM,--
NSCO,SCO,Neil Scott,IM,--
ACHO,THA,Apirat Choomai,IM,--
MPRU,SGP,Marlon Prudencio,IM,--
DWEB,ENG,David Webb,IM,--
MULL,PAK,Moiz Ullah Baig,IM,--
HGIP,SCO,Helen Gipson,IM,--
RGER,UGA,Richard Geria,IM,--
GJAY,IND,Goutham Jayaraman,IM,--
EUMU,NGA,Emmanuel Umujose,IM,--
SGUP,IND,Sanjoy Gupta,IM,--
MGON,KEN,Michael Gongolo,IM,--
JCAR,ENG,Jason Carney,IM,--
MMUT,KEN,Martins Mutahi,IM,--
AKWH,THA,Akkarapol Kwhansak,IM,--
EHUI,HKG,Euclid Hui,IM,--
JO'L,USA,John O'Laughlin,IM,--
OAVW,NGA,Oshevire Avwenagha,IM,--
PARM,USA,Peter Armstrong,IM,--
MPET,NGA,Moses Peter,IM,--
JASH,ENG,John Ashmore,IM,--
EDAN,ENG,Elie Dangoor,IM,--
YKIA,MYS,Yeo Kian Hung,IM,--
WKEL,ENG,Wayne Kelly,IM,--
GASI,MYS,Ganesh Asirvatham,M,**
ASJO,USA,Alec Sjoholm,M,--
SHOL,NIR,Stewart Holden,M,**
KFRA,USA,Kevin Fraley,M,--
VHIN,IND,Varisht Hingorani,M,**
BBOW,USA,Brian Bowman,M,**
TPAI,THA,Tarin Pairor,M,*
SCRI,ENG,Samuel Crispin,M,*
NSLA,CAN,Noah Slatkoff,M,*
ROGB,NGA,Rex Ogbakpa,M,**
THOV,ZAF,Trevor Hovelmeier,M,**
NONO,NGA,Noble Onoshevwe,M,*
TBAR,THA,Thitipol Barameemuang,M,--
CSUK,THA,Charnwit Sukhu,M,*
AGOO,ENG,Andrew Goodwin,M,--
WSUK,THA,Worasit Suksaensam,M,*
TLAW,HKG,Thomson Law Long Yin,M,*
SSAN,PAK,Sohaib Sanaullah,M,--
JDE,LKA,Janul De Silva,M,--
SRAU,USA,Stefan Rau,M,--
WINT,USA,Winter,M,--
NSIR,THA,Natthakorn Siriwatt,M,--
SNIT,IND,Siddharth Nithyanand,M,--
QBEN,NGA,Quickpen Ben,M,*
CCHI,MYS,Chang Ching Wei,M,--
RBEN,AUS,Ronnie Bennett,M,--
EMAL,IND,Eeshan Malhotra,M,--
SKLA,THA,Sanhanat Klanying,M,--
KCHO,MYS,Kong Chock Heng,M,**
CCUM,SCO,Chris Cummins,M,*
PKOS,THA,Pesol Kosalakood,M,--
DBOY,CAN,David Boys,M,--
CWOR,THA,Charae Worapotpisut,M,--
CEDW,ENG,Calum Edwards,M,*
ROKE,KEN,Richard Okechi,M,--
RDAN,SCO,Ronan Dance,M,--
MBER,USA,Matthew Bernardina,M,--
CUME,NGA,Cyril Umebiye,M,--
RJER,AUS,Richard Jeremy,M,--
TMAY,NGA,Tuoyo Mayuku,M,--
ORIO,PHL,Odette Rio,M,--
OKAB,NGA,Olaiya Kabir,M,*
SMET,THA,Soramet Mettaviharee,M,*
AIKO,NGA,Anthony Ikolo,M,--
IPRE,NGA,Igali Precious,M,--
ELAR,NGA,Etuwa Larry,M,--
TLEA,CAN,Tony Leah,M,--
NZOL,ENG,Natalie Zolty,M,--
BTHO,NZL,Blue Thorogood,M,--
AABB,PAK,Abdullah Abbasi,M,--
OHAK,NGA,Olaribigbe Hakeem,M,--
WFAS,ENG,Wale Fashina,M,--
CTHO,NGA,Chinedu Thorpe,M,*
DOJI,NGA,David Ojih,M,--
AODO,NGA,Anthony Odok,M,--
AGOZ,IDN,Alexander Gozali,M,--
BWHI,USA,Bradley Whitmarsh,M,*
OOLO,NGA,Opeyemi Oloro,M,*
CNOR,ENG,Colin Northmore,M,--
DSAL,CAN,Dean Saldanha,M,--
NDEL,ENG,Nick Deller,M,--
JGEG,LBR,Joseph Gegeh,M,--
NLIM,THA,Natthanon Limthongkam,M,--
RCHA,IND,Ranganathan Chakrav,M,--
SSOM,IND,Sujana Somasekar,M,--
CCAR,IND,Charles Carneiro,M,--
TSIM,SGP,Tony Sim,M,--
SSIN,IND,Samrath Singh Bhatia,M,--
MRUD,AUS,Mythili Rudra,M,--
SPAT,THA,Sinatarn Pattanasuwa,M,--
AAHM,PAK,Aehzam Ahmed,M,--
EOFI,NGA,Emmanuel Ofidi,M,--
WWAI,THA,Wittayawut Waiprom,M,--
GOLI,ENG,Gary Oliver,M,--
MSIR,THA,Marut Siriwangso,M,--
TMAR,PHL,Theodoro Martus,M,--
ECOH,ISR,Evan Cohen,M,*
RMAC,SCO,Ross Mackenzie,M,--
MTEO,MYS,Martin Teo,M,--
WSAE,THA,Weera Saengsit,M,--
PMUT,KEN,Philip Mutinda,M,--
TOUT,KEN,Tobias Outi,M,--
EBOA,GHA,Edwin Boama,M,--
SHOU,ENG,Stewart Houten,M,--
MTAN,SGP,Michael Tang,M,--
VTUN,AUS,Victor Tung,M,--
JKAT,USA,Jason Katz-Brown,M,--
PPRA,THA,Pannawit Prasoppanit,M,--
MMAS,AUS,Max Mason,M,--
AKUR,SGP,Andy Kurnia,M,--
LWAN,LKA,Lakshan Wanni,M,--
BKOY,KEN,Bernard Koyyoko,M,--
GNEW,CAN,Geoffrey Newman,M,--
DVAN,AUS,David Vanzyl,M,--
FWAC,KEN,Francis Wachira,M,*
TZI,MYS,Tan Zi Kang,M,--
WPOH,SGP,Wolfram Poh,M,--
BASH,PAK,Bilal Asher,M,--
BJAC,AUS,Bob Jackman,M,--
TKIR,ENG,Terry Kirk,M,--
JBAR,LKA,Jayaska Baranage,M,--
JHIL,CAN,Jeremy Hildebrand,M,--
RGBA,NGA,Raymond Gbaraba,M,*
RPAR,IND,Rahil Parkar,M,--
DDEL,MLT,David Delicata,M,--
MPHI,THA,Manop Phiphatboonser,M,--
NPRA,IND,Nakul Prabhu,M,--
LONY,UGA,Lawrence Onyoin,M,--
NBAL,CAN,Nick Ball,M,--
TSUT,THA,Taewan Sutthasin,M,**
BAMU,KEN,Benard Amuke,M,--
DWHI,USA,David Whitley,M,--
CSOL,ENG,Craig Solomons,M,**
JSPA,AUS,John Spaan,M,--
ASAM,NGA,Adebola Samuel,M,**
JROB,ENG,Jared Robinson,M,--
SDUR,NGA,Segun Durojaiye,M,--
CIP,HKG,Carson Ip,M,--
MGAB,USA,Marty Gabriel,M,--
RDOM,POL,Rafal Dominiczak,M,--
WJIR,THA,Wanchana Jirapitikul,M,--
JDAV,ENG,Joel Davey,M,--
JHOL,AUS,John Holgate,M,--
SKAN,USA,Sam Kantimathi,M,--
MCHU,IND,Mohan Chunkath,M,--
HSAM,IND,Hriday Samtani,M,--
JRYA,NGA,Jacob Ryan,M,--
PSHA,USA,Puneet Sharma,M,--
AISM,LKA,Aabid Ismail,M,--
AKRE,AUS,Adam Kretschmer,M,--
SGRU,ZAF,Steven Gruzd,M,--
FAWO,ENG,Femi Awowade,M,--
MSUL,USA,Mohammad Sulaiman,M,--
YEN,MYS,Yi En Gan,M,--
RTAL,AUS,Rod Talbot,M,--
CVIC,ENG,Chris Vicary,M,--
BDYE,USA,Becky Dyer,M,--
JBUR,SCO,James Burley,M,--
NIVA,AUS,Nick Ivanovski,M,--
JKRA,USA,James Kramer,M,--
BVIO,ENG,Bob Violett,M,--
PEDW,UGA,Phillip Edwin-Mugish,M,--
PKHO,THA,Preedee Khongthanarat,M,--
OOJI,NGA,Osikhena Ojior,M,--
RSUT,AUS,Ryan Sutton,M,--
GHAI,ENG,Graham Haigh,M,--
SBHA,IND,Sunny Bhatia,M,--
JUBE,CAN,Jason Ubeika,M,--
SNJO,KEN,Stanley Njoroge,M,--
RLIN,USA,Robert Linn,M,--
AADE,NGA,Adeyemi Adeosun,M,--
PCHE,MYS,Pui Cheng Wui,M,--
OSUA,MYS,Ong Suanne,M,--
JWES,LBR,Jonathan Wesley,M,--
VBOY,SCO,Vincent Boyle,M,--
MOTI,KEN,Manase Otieno,M,--
SSAM,NGA,Salau Samson,M,--
TWEI,USA,Tim Weiss,M,*
DKIM,KEN,David Kimani,M,--
SKAC,USA,Stefan Kac,M,--
EJAM,NGA,Ewruje James,M,--
TTAO,AUS,Trevor Tao,M,--
MKAM,SLE,Mohamed Kamara,M,--
ATAN,MYS,Alex Tan,M,--
ISEN,UGA,Ivan Sentongo,M,--
SOSH,NGA,Sunday Oshodi,M,--
DSRI,THA,Daniel Srichawla,M,--
AADE,NGA,Adekoyejo Adegbesan,M,--
LFRE,NZL,Lyres Freeth,M,--
SPOL,IND,Steve Polatnick,M,--
THUN,AUS,Tony Hunt,M,--
BIDA,NGA,Bright Idahosa,M,--