ID,Firstname,Middlename,Lastname,Email,Country,Photo,Headshot
d8e3e57e84c69d3ad2223acd3803cd8e,Zyrah,,Longakit,ysabellezyrah@gmail.com,PH,https://wespa.org/docs/headshots/file_6a09f510298eb5.56161256.jpg,
1876262f19c88812d238276bd4927889,Zainab,Temitayo,Raji,zainabraji041@gmail.com,NG,https://wespa.org/docs/headshots/file_6983a06b3b5511.92104779.jpg,
6ce6d754856ea262b251dded8ffa2377,Yukiko,,Loritz,yukikoloritz@gmail.com,US,https://wespa.org/docs/headshots/file_699bd712e6b875.36905648.jpeg,
9bc8d716ff72705d83caa6978522054c,Yauba,Dahiru,Duhu,yaubaduhu7@gmail.com,NG,https://wespa.org/docs/headshots/file_699be6f5746be8.71160812.jpg,
bfedc926ec87c81bb9ff896926b5f10d,Will,,Anderson,wranderson1@gmail.com,US,https://wespa.org/docs/headshots/file_699b80469e6fa0.76380307.jpg,
7d8cb784ae8ceeb6d027971e2b773292,Wayne,,Kelly,waynekelly74@aol.com,GB,https://wespa.org/docs/headshots/file_699cdb7aadc837.81016289.jpeg,
33830dfe8af7421e2c93d265b6e8f79e,Wasupol,Wasupol,Suttapakdee,vivo25622019v@gmail.com,TH,https://wespa.org/docs/headshots/file_698419e0768e45.58080315.jpg,
dc30847c697fd7097a9f4dfc22009970,Wasiu,Oluwagbenga,Wasiu,hassanwasiu00@gmail.com,NG,https://wespa.org/docs/headshots/file_6981e9ae8b2100.99365992.jpeg,
7172e695104733e58079ac588d182452,Warodom,,Geamsakul,warodom.jaspa@gmail.com,JP,https://wespa.org/docs/headshots/file_6981e99b3af4c1.93651533.JPG,
bf67a53ac96d6de537d250b6dad728ad,Viral,,Kansara,viralkansara13@gmail.com,IN,https://wespa.org/docs/headshots/file_69887a9118a3f1.83032881.jpg,
1b586f47a7b09c5faeafe60a6d46dd78,Vihanga,Nadith,Premaratne,wnelanka4@gmail.com,LK,https://wespa.org/docs/headshots/file_699e7f7d7be904.42357293.jpg,
ae2bb6f4f924c008fa32a065f495b44e,Vihaan,,Singhvi,singhvi.vihaan@gmail.com,IN,https://wespa.org/docs/headshots/file_6986de43896687.00264374.jpg,
708cb89a1a2bd88469a619074f6a2b6f,Victoria,Chimamanda,Chukwuemeka,chukwuemekavictory255@gmail.com,NG,https://wespa.org/docs/headshots/file_69821ef4dcb755.52965566.jpg,
b746ef4b9bbc752c0b275c56674bff59,Victor,Lawrence,Ukpe,ukpevictorlawrence@gmail.com,NG,https://wespa.org/docs/headshots/file_6981f0da567fd0.50710452.jpg,
61066b615052fd0ce084ffa66dec7b8d,Victor,,Tung,vtung24@bigpond.com,AU,https://wespa.org/docs/headshots/file_6983a58b046599.05182389.jpeg,
497626659d498693223af48a19dd6175,Vasudha,,Mohanka,vasudha.mohanka@gmail.com,IN,https://wespa.org/docs/headshots/file_69861594085655.94627071.jpg,
1d6db6043f733cc49a1a01eb5c7f1ab5,Vasco,Menco,Garwo,vascomenco233@gmail.com,LR,https://wespa.org/docs/headshots/file_6981f50fc04581.63617241.jpeg,
3e9b41ea211f3f7d3ed255906e68ebe1,Uzodimma,Reginald,Nnoka,uzonnoka@gmail.com,NG,https://wespa.org/docs/headshots/file_69a4a04519c9f5.28786020.jpg,
89895565dbe49fd125d312bb386fa093,Umar,Faruq,Baba-Inna,umarfaruqnsf@gmail.com,NG,https://wespa.org/docs/headshots/file_699b604a98fed7.35275056.jpg,
bf977d1f8e484cf5aaffcf11bedec49b,Tsz Hin,,Fung,steven2014832@gmail.com,HK,https://wespa.org/docs/headshots/file_6982b4d63a02e3.09636437.jpeg,
c877b41e7a66bfc3c1f4b76177fb4853,Tracey,Anne,Kneebone,tkneebone@esc.net.au,AU,https://wespa.org/docs/headshots/file_69826aad1743c4.89065539.jpeg,
3802bb68bf47414add0fb3ab1d336a92,Tracey,Allison,Michel,brizvegas.tracey@gmail.com,AU,https://wespa.org/docs/headshots/file_6982e182788311.52650926.jpeg,
98e8e79aad952990c5d17dd921dec9d5,Tony,,Hunt,abcsuphire@gmail.com,AU,https://wespa.org/docs/headshots/file_698263a3641b12.66364720.jpeg,
ae95e3968bc335da950ec4f993aa41e9,Tony,,Leah,tonyleah27@gmail.com,CA,https://wespa.org/docs/headshots/file_699b6f0e64b747.90144474.JPG,
d2cbd0e26b5cc62c82294bce9ebf6c2e,Thanaphat,,Kitthaisong,naykeroro@gmail.com,TH,https://wespa.org/docs/headshots/file_6981f2e3c62736.19773138.jpg,
44c1bee7a9dccb637e24ca7a61be6c1c,Thacha,,Koowirat,kthacha@gmail.com,TH,https://wespa.org/docs/headshots/file_69870e9687a843.72141955.jpg,
5317f06a3d3c1dfea3119bc943f41c09,Tesy,,Tester,lukejrssd@gmail.com, AF,https://wespa.org/docs/headshots/file_698265d3adad13.28164837.jpg,
d37f06d2d769473e6a234c5cdf566145,Temma,Tochukwu,Okereke,dev.temma@gmail.com,NG,https://wespa.org/docs/headshots/file_69808f616e6713.49359946.png,
84aaf7bfc1dc16d44124538b88310e4c,Temma,,Okereke,applifystudio@gmail.com,NG,https://wespa.org/docs/headshots/file_6981f3d2250cd7.88868082.jpeg,
1d5052904f11e567e8f0d082cf603b96,Temma,,Okereke,temmario19xy@gmail.com,NG,https://wespa.org/docs/headshots/file_6981f404bc0e49.05033744.jpeg,
9abc4df5f5a9206705daad0e6340a733,Taha,,Goheer,tahagoheer@gmail.com,PK,https://wespa.org/docs/headshots/file_698856022b5164.05421001.jpg,
794b00a8a630a1b9618a04565940fdd7,Syed Safdar Ali,,Naqvi,safdar_51@hotmail.com,PK,https://wespa.org/docs/headshots/file_69830cbf29cef4.40283724.jpg,
b6c4f2481af7edbb349387d4c106efc7,Swagat,,Nukala,swagatn@gmail.com,IN,https://wespa.org/docs/headshots/file_699320bb752318.92439519.jpg,
11bd76aaa4e745424eec53fff64a4ed1,Suyash,,Manchali,suyashmanchalisc@gmail.com,IN,https://wespa.org/docs/headshots/file_698a0cca72ef90.26580002.jpg,
18d5a394c053fdbbb7dc7751ba29bbff,Suthita,,Prayoonphanrat,suthita.haru@gmail.com,TH,https://wespa.org/docs/headshots/file_699c18ad6c3c03.11379338.jpeg,
d84d90c63349fe7728b846c4844d114c,Susan,,Macgillivray,susan.macgillivray@gmail.com,AU,https://wespa.org/docs/headshots/file_6983a9972c64c9.42543416.jpg,
d7b771caf415cfde860be9c54ff81ca5,Sunny,,Bhatia,sunnybhatia0@gmail.com,IN,https://wespa.org/docs/headshots/file_6985f268e7fee3.33877814.jpeg,
21250d17b7908b06ebd8a8bba5f91a64,Sumbul,,Siddiqui,sumbul.siddiqui@rocketmail.com,GB,https://wespa.org/docs/headshots/file_699b6b63ac4933.12840396.jpeg,
3da1b9b499ee3099d80b9a625248d46f,Sujana,,Somasekar,sujanatj@gmail.com,IN,https://wespa.org/docs/headshots/file_6982b8110a24e1.69934664.jpeg,
b36d7bb25b8b25f3083fbf1e83c0b98d,Suhaas,,Khandelwal,suhaaskh12@gmail.com,IN,https://wespa.org/docs/headshots/file_6988a44e784cc9.33403914.jpg,
89d81ee45cfd72c9062a22f3e728c8fa,Suguna,,Dandi,sdandi64@gmail.com,IN,https://wespa.org/docs/headshots/file_698612cb1ce984.73009752.jpg,
00635ca7235eef547d7b2b18d7819e1d,Sudhir,,Kamath,sudhir.kamath@gmail.com,IN,https://wespa.org/docs/headshots/file_6985eb62850c43.08650639.jpg,
2ffba4e9ba68e4b25826c084374a5420,Stephen,Mooney -,Pursell,stephenmp84@gmail.com,AU,https://wespa.org/docs/headshots/file_69827473766fa3.06275789.jpeg,
c423074c8ba7811f7cd3603dc1037e04,Stephen,,Perry,steveperry414@gmail.com,GB,https://wespa.org/docs/headshots/file_699c6d330a2901.63343124.jpeg,
fc34ffc894e1a24c66862dfd7fa3cb53,Sitheshi,Vihanga,Kakulandara,sitheshi.k27@gmail.com,LK,https://wespa.org/docs/headshots/file_69c0d1013a6200.54393505.jpeg,
96936b6cfc0898212a303b8759e20fb8,Simon,,Musinguzi,simonmusinguzi840@gmail.com,UG,https://wespa.org/docs/headshots/file_69ac12124b9e74.37519155.jpeg,
7845e1960c6c0fdde91fa888c89fa108,Siddharth,,Nithyanand,siddnit@gmail.com,IN,https://wespa.org/docs/headshots/file_698224eba90f67.64365555.jpeg,
a93ba4e160b5c14b860ec99abb3f37e3,Sianga,,Nyambe,sianganyambesam@gmail.com,ZM,https://wespa.org/docs/headshots/file_69a2b9997099d7.35672689.jpg,
2659bae5be9891ba5deea8bdd72f2a28,Shukanya,,Prachi,shukanya.prachi@gmail.com,AU,https://wespa.org/docs/headshots/file_69826411396f40.74822960.jpeg,
2a135bb6310332520baa06985cf550ad,Shubha,,Shivashankar,shubhayess@gmail.com,IN,https://wespa.org/docs/headshots/file_698a0acca713a9.15795436.jpg,
81bd4e03dc406a1e5503611f91e1ad29,Shiwansh,,Shukla,shiwanshshukla370@gmail.com,NP,https://wespa.org/docs/headshots/file_699021857e3913.48555206.jpg,
37d25e55df3b37a6eb87d877fd089142,Shaun,,Donnelly,shaunbdonnelly@gmail.com,AU,https://wespa.org/docs/headshots/file_69887b0c9492b0.39352597.jpg,
3d1b816617a228c400ad40e6ad2e8b22,Sharon,Lee,Sorensen,sharonleesorensen@gmail.com,AU,https://wespa.org/docs/headshots/file_698c25985a5c47.99509440.jpg,
16a7f614995270939b9b628b7a04719b,Sayaka,,Kamikariya,sayakakamikariya@gmail.com,ES,https://wespa.org/docs/headshots/file_698255b1c3b588.52791639.jpg,
732e5baf6c6621b31e771516cd6b3d1c,Sarah,,Chemutai,scondego@yahoo.com,KE,https://wespa.org/docs/headshots/file_6981ed22ec84c5.89477229.JPG,
6bf3aa78b32bae71ccd32720e9fe620e,Sanjoy,,Gupta,b2bcreativity@gmail.com,IN,https://wespa.org/docs/headshots/file_699c3536d7f2f8.15427543.jpg,
f9ddba47afc1ea821de820682b0dd8a1,Sani,,Ladan,snadalson@gmail.com,NG,https://wespa.org/docs/headshots/file_699b66874cbdb7.64051994.jpg,
95132886f7db4a2cd9ad6fbf0f4cc6c6,Samuel,Ricardo,Gwah,gwahsamuel3@gmail.com,LR,https://wespa.org/docs/headshots/file_6985ac694032b0.53358189.jpg,
2f3c1255ec82ceaf63da9e30b84a8e40,Samuel,Komi,Afangninou,sscrabbler06@gmail.com,TG,https://wespa.org/docs/headshots/file_699b61b4af12f4.31385499.jpg,
7b19e5a87142db71a7884ad2e3be90e5,Samarth,,Manchali,samarthmanchalimes2b@gmail.com,IN,https://wespa.org/docs/headshots/file_698a0f5fdfef65.72515775.jpg,
66d8daee2b5786ed1ce0a9ca5e375db7,Ruth,,Hamilton,rehamilton44@gmail.com,US,https://wespa.org/docs/headshots/file_698d60d4ad1e20.84496135.jpg,
a66de5987c03f95b591992dc1b9e9bb2,Rustom,,Deboo,rustom_8992@yahoo.in,IN,https://wespa.org/docs/headshots/file_69833eab4ed7a8.08803661.jpg,
e2f24894160af6de6f2e56248be1ec9c,Russell,,Honeybun,tcheq@yahoo.com,AU,https://wespa.org/docs/headshots/file_69a21008e76227.50897995.png,
51f3b97441b96ab0cecd4b56e9ffb964,Roy,Roman,Malonzo,roymalonzo79@yahoo.com,PH,https://wespa.org/docs/headshots/file_6982b3f9e1cf45.87455793.jpg,
393224ab0e1c3052ee59f30c95dea7a2,Ronan,,Warde,rgw_scrabb@wardeonline.com,IE,https://wespa.org/docs/headshots/file_6982060dce1f18.31664371.jpg,
1c7948d2fc9b89dbff4db7e31e25e298,Ron,,Bozer,ron.bozer@mail.huji.ac.il,IL,https://wespa.org/docs/headshots/file_69a00e54250d50.99068296.jpg,
c733ee2fde1f948539aeba827c705d07,Robert,,Rchland,robert.popwords@yahoo.co.uk,GB,https://wespa.org/docs/headshots/file_699af62e17ea46.28534939.jpeg,
b6f59f677b4f8c8bec1e72ca8579f3af,Rob,,Robinsky,rrobinsky@gmail.com,US,https://wespa.org/docs/headshots/file_69820046933465.14842537.jpeg,
6488b2178ae5757d1e42e1ce91bc4f46,Rishard,,Aathif,aathifrishard25@gmail.com,LK,https://wespa.org/docs/headshots/file_69eb0bcbe4d085.29943256.jpg,
1ca01d19ebebaa7c4abe294da1c1259c,Rik,,Kennedy,bookfellas@yahoo.co.uk,GB-N,https://wespa.org/docs/headshots/file_6982834a593a24.46302520.jpg,
a67636e1887a6e62badace6218097463,Richard,N/a,Geria,ariaka.geria@gmail.com,UG,https://wespa.org/docs/headshots/file_6982179f653b28.65622822.jpg,
0d0be8dbaf76e8b2ec00a28f66487148,Rebecca,Jill,Soble,rsoble@gmail.com,TR,https://wespa.org/docs/headshots/file_6985b2b69615d4.06242297.jpg,
450995073ba4a33c76955a2c780523bd,Raymond,,Gbaraba,raymondgbaraba@gmail.com,NG,https://wespa.org/docs/headshots/file_6983b1ec737d76.25292722.jpeg,
f621f7928b1e688c8bc86aa8eb06a3ba,Rasheed,,Balogun,rashkid0001@gmail.com,US,https://wespa.org/docs/headshots/file_6981fb255cc952.36413913.jpeg,
d2b81d6b081ca994e3bb472f20279636,Raphael,Omondi,Oduor,raphaelomondi282@gmail.com,KE,https://wespa.org/docs/headshots/file_699c82a18a4a02.49999036.jpg,
b09f0d680fedbf95f841d43fa6b06bda,Raphael,Nii Aryeh,Lomoko,aryeh37@yahoo.com,GH,https://wespa.org/docs/headshots/file_698f1dd6e10672.86169706.jpg,
3bb216f6c5feca242de6ca5ab6832e8c,Raman,,Viswanathan,"raman22feb1988@gmail.com, ramanvis05@gmail.com, ramanvis05@yahoo.co.in",IN,https://wespa.org/docs/headshots/file_699c270ec1cf62.29218343.jpg,
c61465a4624ff7aa277a11f6bdfb34f7,Raghuram,,Jonnalagedda,raghuram.jsj@gmail.com,US,https://wespa.org/docs/headshots/file_6986164ab5e406.34378583.jpg,
6d8951b38c6a547340a42b16655f5bc3,Qamardeen,Folahan,Adebowale,folahanqam@gmail.com,NG,https://wespa.org/docs/headshots/file_698925ed4ad434.56859017.jpg,
e84ef183729d8d1980c53d0ade23d176,Putri,Indah,Oktavia,putriindahoktavia@gmail.com,ID,https://wespa.org/docs/headshots/file_6982ed0ac15959.57873387.JPG,
b554aaadc6684fce7aa97d42766d1c78,Puneet,,Sharma,puneet.sharmaa@gmail.com,US,https://wespa.org/docs/headshots/file_69858fcbb90cf5.09773338.jpeg,
2ea744937dce0f404402279b0a565392,Pughikumo,,Toboukewari,toboukepughikumo@gmail.com,NG,https://wespa.org/docs/headshots/file_69a34d765adb22.74915924.jpg,
664f64abd71f46bf18e4752c67133a44,Prasiddha,,Timalsina,prasiddhatimalsina55@gmail.com,NP,https://wespa.org/docs/headshots/file_6983629a0a5ca3.74092182.jpeg,
1d8715adb86b353b51fab16474f8fd93,Pradyot,,Anand,pradyinv@gmail.com,IN,https://wespa.org/docs/headshots/file_698204f5804086.33709923.png,
2b7b2aed89b9fb14164096f9e2f5c850,Piotr,,Andronowski,piotrandronowski@gmail.com,GB,https://wespa.org/docs/headshots/file_69820f74062872.68686948.jpg,
68fadd0c4b495bbfc30434bbbab2901b,Philip,Mutie,Mutinda,philipmutinda7@gmail.com,KE,https://wespa.org/docs/headshots/file_69845a70af4484.20337283.jpg,
4e2978db62d2cc2822cc69c2896ee1fe,Peggy,,Fehily,peggy.fehily@gmx.de,DE,https://wespa.org/docs/headshots/file_6988470b88daf4.43110833.jpg,
772da7e34bdc55f9cf5fd285039b0456,Paul,,Christensen,paul.christensen@cantab.net,HK,https://wespa.org/docs/headshots/file_6982af690341d7.60945115.jpg,
e81603d6d2ce4cabdc4e6856208540e7,Paul,R,Richards,paulrrichards7@gmail.com,AU,https://wespa.org/docs/headshots/file_69977f4c688251.23099165.jpg,
8f2cf9a62cd6de490cf3ed63a6cbd7f9,Paul,Oghenekaro,Eta,ketapaul2@yahoo.com,NG,https://wespa.org/docs/headshots/file_699b64457b1211.00485912.jpg,
99c9995f342679c5c6918173f72fc4b4,Patrick,Lumumba,Litunya,drlitunya@yahoo.com,KE,https://wespa.org/docs/headshots/file_699bbc4c561e33.24644617.jpg,
aa931c23f175ee783bceec633c3f519a,Passfine,Deborah,Chinkere,debbiequeendom89@gmail.com,NG,https://wespa.org/docs/headshots/file_69a48f7133b648.75253190.jpg,
e1bc7e32bed85262531bf652ee9668ef,Pam,Anne,Bennett,pam9797@gmail.com,AU,https://wespa.org/docs/headshots/file_69831d85577de3.85951507.JPG,
30fd849bb5cfcb1ecf59ff90dc9d9131,Pallavi,,Praveen,drpallavip@gmail.com,IN,https://wespa.org/docs/headshots/file_69a413f2164339.32032139.jpg,
5224d7343663d06c7d80448e5456433d,Osikhena,Omoh,Ojior,ozone966@gmail.com,NG,https://wespa.org/docs/headshots/file_69823f470180a3.49634289.jpeg,
5b59a4cb2168f72289d9e3eb806d0746,Oola,,Morris,morrisoola@gmail.com,UG,https://wespa.org/docs/headshots/file_699c819a008275.37325260.jpeg,
ff1f9f70b86773c0c620175fa9e35e3b,Omri,Mordechai,Rosenkrantz,orosenkrantz@gmail.com,IL,https://wespa.org/docs/headshots/file_6981fefe7478e9.12855647.jpg,
a210b3d656e8fc128ab708d57c761240,Oluwatimilehin,Timothy,Doko,timdsage@gmail.com,NG,https://wespa.org/docs/headshots/file_699c18c7c8a492.30032765.jpg,
6b370b4b99d39525eb47473d9a8ce40e,Oluwadamilola,Ogugua,Chukura,chukuraoluwadamilola58@gmail.com,NG,https://wespa.org/docs/headshots/file_6981f4e56602a4.88843524.png,
d943962807c581e215049c3e3930ded7,Olarinde,,Alo,rindealo@gmail.com,NG,https://wespa.org/docs/headshots/file_69832a228727c6.94591569.jpg,
1bbee35880cbee1be6891f7c322809a2,Olabode,Bisola,Hannah,olabodebisolah@gmail.com,NG,https://wespa.org/docs/headshots/file_6981f3f70528e5.06253962.jpeg,
2c47ed1206462953062aab5d2290ed04,Ochieng,,Abraham,abrahamocheng@gmail.com,UG,https://wespa.org/docs/headshots/file_699c2e05317941.23498618.jpg,
9ecab1a7a0892f37eeeb1cdb93ec989e,Noble,Tobore,Onoshevwe,nobleonoshevwe@gmail.com,NG,https://wespa.org/docs/headshots/file_699b64cf328fa2.05405311.jpg,
c7cdd6dddb61798aee40c20b470f2557,Nirupama,,Sivaraman,nirupama.siva@gmail.com,IN,https://wespa.org/docs/headshots/file_698727c9e88088.89775624.JPG,
d6b65f16ac8490da952e2449ce47dfe7,Niranjan,,Sah,sahn68217@gmail.com,NP,https://wespa.org/docs/headshots/file_6982067e3fb4e4.05329023.jpg,
4327ba507deec8d0af40c70a56d54916,Nimuthu,Sipsara,Witharana,nimuthusw4@gmail.com,LK,https://wespa.org/docs/headshots/file_699c1446ef1fd9.81041681.jpeg,
9f3e59b2f89d60fe5e5dfbd7e286948b,Nico,Syahputra,Santoso,syahputranico906@gmail.com,ID,https://wespa.org/docs/headshots/file_698478a39e2de2.07687698.jpg,
5639bf605fc4feb4cbc58b6a43ab3e17,Nicky,,Huitson,nhuitson@hotmail.com,GB,https://wespa.org/docs/headshots/file_699c351d0ce0e5.06258530.jpg,
b2df83f0d6c0fb74517b5bd7fbfe14f7,Nick,,Ball,nmball79@gmail.com,US,https://wespa.org/docs/headshots/file_699df876870b68.62789431.jpg,
0cee9ac36d2764e370cfd5563e917487,Nick,,Deller,nick@nickdeller.co.uk,GB-E,https://wespa.org/docs/headshots/file_699eff8262d925.40098471.jpeg,
1dbe8d62180e7f41f78440289f2639ae,Nick,,Darrant,nick.darrant@gmail.com,RW,https://wespa.org/docs/headshots/file_699c18b11599c6.04622164.jpeg,
e3871a91ed2d532fdf1d9244de13d4c5,Ngozi,,Orji-Sam,whizzy40@yahoo.com,NG,https://wespa.org/docs/headshots/file_699cd9a1c56e37.91705329.jpg,
0287c679c87aad9dddbc46205346ec55,Ndudim,Rowland,Anitche,rolandanitche@gmail.com,NG,https://wespa.org/docs/headshots/file_69820c0c93f904.43386576.jpeg,
69b429bb18f40f1dd8a2f752b7476409,Nattapat,,Nak-In,nnemonattapatt@gmail.com,TH,https://wespa.org/docs/headshots/file_6981f7ab10de14.10389874.png,
6d49e022be432acec444f408e330aca8,Naomi,,Luque,naomiluque908@gmail.com,GB,https://wespa.org/docs/headshots/file_698268de866277.83339396.png,
a61965efb35ff65fd1317c921dccbcd6,Nancy,Harnsberger,Bowen,nancyhbowen51@gmail.com,US,https://wespa.org/docs/headshots/file_6985fff8238330.94676269.jpeg,
6794296f994c505a5cf528e777db9a3a,Mulindwa,,Gilbert,mulindwamon726@gmail.com,UG,https://wespa.org/docs/headshots/file_699c30aebe28d8.08350215.jpg,
715a6926a715f3777f81f373cb21aa4a,Muhammad,,Rasyad,rmrazin@umich.edu,MY,https://wespa.org/docs/headshots/file_69a31ae91f0df6.04793669.jpeg,
f28dca9a7bb86ae158c14a6ffd1e882a,Muhammad,Shafin,Khan,shafin18460@gmail.com,PK,https://wespa.org/docs/headshots/file_698310ce6613d2.41439631.jpg,
7913c63d2d3621edcee3c0d33e3f997e,Muhammad,,Inayatullah,mohammad.inayatullah@gmail.com,PK,https://wespa.org/docs/headshots/file_698333f87ca8d2.24271286.JPG,
65e3261750e3c3e567111ad107d8380b,Mubarak,Olasunkanmi,Afolabi,afomub@gmail.com,NG,https://wespa.org/docs/headshots/file_69a4759e599600.46079747.jpg,
fa9763631f04bc7120985b713f90e3db,Mosope,Excel,Muyiwa,excelmuyiwa@gmail.com,NG,https://wespa.org/docs/headshots/file_6981ed29393241.19436148.jpg,
a1bfaafdfd7c58a8e0371f29805f54d8,Morakinyo,Babanifemi,Joel,sunnyjoe2004@gmail.com,NG,https://wespa.org/docs/headshots/file_6981edd2ee1019.29304074.jpg,
b6757b797e6e9b7fbeee8ddd7c7ee99a,Monday,Ojonimi,Christopher,cmonday29@gmail.com,NG,https://wespa.org/docs/headshots/file_699c4b4a7cc918.90621857.jpg,
973d3997839129df67a9fa8a297c06ca,Mohan,,Chunkath,mohan.chunkath@gmail.com,IN,https://wespa.org/docs/headshots/file_699c702f017220.84250964.jpg,
6ef7bb6cf64df8e3a31f2e9532ecaba3,Mohammed,Hyder,Quraishi,quraishimh@yahoo.com,IN,https://wespa.org/docs/headshots/file_698764d7c8f602.12890893.jpg,
a5aa8a1db4deba4e13b4a757c2a93052,Mohammed,Rashad,Abdulai,yaamaamaani@gmail.com,GH,https://wespa.org/docs/headshots/file_699b62e7ddcb22.99441054.jpg,
98c1513e8d503a72c4aaf19c7aef394e,Modupe,Ibukunoluwa,Agbelekale,modupeibukunoluwa4041@gmail.com,NG,https://wespa.org/docs/headshots/file_699b646e59dfa0.33956559.jpg,
70f3e859fd6895e4c91d2e612de1c420,Mina,,Le,mina.le@gmail.com,US,https://wespa.org/docs/headshots/file_69839fe57ae785.78254386.jpg,
16489747c610a9f6b9f77bf82adb2bb0,Min Sue,,Kim,minsueinwkim@gmail.com,KR,https://wespa.org/docs/headshots/file_6981ebab912662.11817531.jpg,
043943849165bf2310467014577a1b41,Michael,Tobi,Elebiomayo,mikotipaso@gmail.com,NG,https://wespa.org/docs/headshots/file_699bdef08e3c31.37554440.jpg,
dfbb005ffe721a8d77ac16b3c99d5eb3,Megan,,Marks,megan_marks1@hotmail.com,AU,https://wespa.org/docs/headshots/file_698282f7b7fd41.79606097.jpeg,
2953d334be489fe1735fc6ffffac64c4,Mayank,,Khandelwal,khandelwal.mayank@gmail.com,IN,https://wespa.org/docs/headshots/file_69889bcb7ddd76.34653093.jpg,
9df46fc216c479e8ff486d47a8ef564e,Mathew,Olutunji,Ajayi,olutunji111@gmail.com,NG,https://wespa.org/docs/headshots/file_6981f2d5826858.48279431.jpg,
c11fbdcc8505d4ad19bd48993dbea410,Mark,Owuor,Nyangajo,nyangajo@gmail.com,KE,https://wespa.org/docs/headshots/file_698235d6d874c0.28373645.jpg,
d6320830c5818663859dae295b9e77d0,Mario,,Camilleri,emarcee58@gmail.com,MT,https://wespa.org/docs/headshots/file_6983a3a572a299.89048646.jpg,
1548e1b49e90ecba48366fcc4ae1103e,Manop,,Phiphatboonserm,nop999@hotmail.com,TH,https://wespa.org/docs/headshots/file_699b9a2675b164.04418899.jpeg,
9861a1a6ba1559337a0740121d39dbc4,Mangala,,Bhandarkar,mangala_bhandarkar@yahoo.com,IN,https://wespa.org/docs/headshots/file_69a089db8a31f0.76505802.jpg,
84710be9efa5866fcd424e22502e809c,Malek,V Al,Sherif,sherifdeprolific@gmail.com,LR,https://wespa.org/docs/headshots/file_6981e86a9022e8.06840655.jpeg,
9e5152ee6ce3a23df4a78c745290f6e5,Madhulekha,,Hazarika,madhulekhahazarika@gmail.com,IN,https://wespa.org/docs/headshots/file_69862a5d172fc4.50446525.jpg,
338e4ee3f07d4f5d996c26be5456f56c,Luther,,Nyanwor,luthernyanwor9@gmail.com,LR,https://wespa.org/docs/headshots/file_6985043b93b8e1.79645016.jpg,
8afec3235f4b719bcd6347a0fe6ad5bf,Lukeman,,Owolabi,lukeman.owolabi@gmail.com,IE,https://wespa.org/docs/headshots/file_6980965f46c879.50431692.jpg,
ee6ef221f79d17340626f7fc1c8b1136,Lucas,,Freeman,lucasgfreeman@gmail.com,US,https://wespa.org/docs/headshots/file_698244fbcfcfa0.01156203.webp,
76a4d7c4b1abf37ec4ef8fbd2fead008,Liz,,Blanch,lizzyandsel@gmail.com,AU,https://wespa.org/docs/headshots/file_6983d2882171b8.66750714.jpg,
04aa1dd0fc3138e2ab1fdd6162f2a0aa,Lisa,Emily,Atkins,lisa_atkins54@hotmail.com,BE,https://wespa.org/docs/headshots/file_698c5b04a1b2c8.94367751.jpg,
7f4ee8a311a27b90018143cdd7e6c2aa,Lila,Kay,Crotty,lila.crotty@gmail.com,US,https://wespa.org/docs/headshots/file_6985f9051af0e5.57156522.jpeg,
347de40b5be9c9b4491b5f5f74d89da7,Lexia,,Smallwood,lexiahome@gmail.com,AU,https://wespa.org/docs/headshots/file_698317a78626e2.00648182.JPG,
720d2343c31357b01167edbe976015d8,Lewis,,Hawkins,lewishawkins774@gmail.com,NZ,https://wespa.org/docs/headshots/file_6982094c279645.22056407.jpeg,
9ebf27904dfd7cb6a11aa640ce6916d0,Lester,Dgian,Morris,alltymesmokey83@gmail.com,LR,https://wespa.org/docs/headshots/file_6981f6f0cde736.99972198.jpg,
c00dacb324fc93faa7685dd6fb628ba2,Lear Jet,E,De La Cruz,leardelacruz@gmail.com,PH,https://wespa.org/docs/headshots/file_69822f82d9beb6.66588801.jpg,
07b58869f64990d969b9c1bd34484fe8,Lawrence,,Oketayot,lawrenceoketayot47@gmail.com,UG,https://wespa.org/docs/headshots/file_699d361d5af965.05758244.jpg,
881ad68616b7dbc969c9ad191e4d1811,Lateef,Babatunde,Oyawole,001abdulateef@gmail.com,NG,https://wespa.org/docs/headshots/file_698223c8c4cda9.83459992.jpg,
47e486f7375ed2347811ffe3540d85cd,Larry,Ejiro,Etuwa,larryetuwa15@gmail.com,NG,https://wespa.org/docs/headshots/file_6981f4b5c06a07.88725354.jpg,
60dbb33fb855a6bd06304aefd72b83fb,Krishna,,Kumar,drkrishna.pushpa@gmail.com,MY,https://wespa.org/docs/headshots/file_69837918df2359.78412889.jpeg,
1ef43df59a91653b4d004dd088da44e7,Komal,R,G,snehathadhani007@gmail.com,IN,https://wespa.org/docs/headshots/file_6985f519845850.35433865.jpg,
6d1fc080c7f8f9492e0fceb7220efc56,Kingsley,Marvel,Omolaja,ayodelerhomolaja@gmail.com,NG,https://wespa.org/docs/headshots/file_6982539360d357.16859297.jpg,
cfb405dfda2b790a1d22f0fd1938e7c8,Kingsley,Oluchukwu,Nwadinkpq,oluchikingsley16@gmail.com,NG,https://wespa.org/docs/headshots/file_699c1154bc01f5.31880435.jpg,
9306ec3ddf689ba3f824004004012a27,Khanak,,Singhvi,nishantsinghvi@gmail.com,IN,https://wespa.org/docs/headshots/file_6986deb1081859.45986022.jpg,
fa760e163e0f237b345d8fd43cc08a46,Khalid,,Javed,kj25pk@yahoo.com,PK,https://wespa.org/docs/headshots/file_69830e1840a7e6.79917525.jpg,
96660a278b23a168336f4b045c0ef2bd,Kessen,,Budhoo,kessen1963@gmail.com,MU,https://wespa.org/docs/headshots/file_699f542dbfd3f7.06023682.png,
fc7d6032f8601a33505fe376d25a6fc1,Kaveri,,Raviraj,kaveri.raviraj@gmail.com,CA,https://wespa.org/docs/headshots/file_69932bcb72ce83.58976380.jpg,
bd52b93911bcb2a1cbc25c4096d62e04,Karen,D,Richards,karen.d.richards@gmail.com,AU,https://wespa.org/docs/headshots/file_69823c52c7a8b4.25249586.jpg,
1bdb58e080c2facb7c9f0128a5ee9e55,K.,,Kaia,sweetkaia@hotmail.com,US,https://wespa.org/docs/headshots/file_69860c3b9fed09.79347225.jpeg,
dc4f1580c359ecc622dab16cb5c59e28,Jyoti,Kumari,Sah,sahsuryak@gmail.com,NP,https://wespa.org/docs/headshots/file_6982080cda1891.71666565.jpg,
bec2b5ffdfb72e2951129e26f6868bb8,Julie,Anne,Brice,juliebrice@bigpond.com,AU,https://wespa.org/docs/headshots/file_698605372cb344.04317163.jpg,
a073c23b6da3869525db5a194141e564,Judy,,Cole,judithcole@msn.com,US,https://wespa.org/docs/headshots/file_6985421b7b1160.70527610.jpg,
708bafb9fc8e348b6a2b90166fae82a1,Judith,Elizabeth,Moore,judithmoore4929@gmail.com,GB-E,https://wespa.org/docs/headshots/file_699b97748977a8.85682990.jpg,
4972987f39ebcbf31615b54b8ab12c81,Jowar,Piega,Ayuno,ronuya@yahoo.com,PH,https://wespa.org/docs/headshots/file_699cb40b4b1ce4.05347518.jpg,
d4edc152cf6010c3362b7bdb8c7cafce,Josh,,Watt,josh.watt922@gmail.com,AU,https://wespa.org/docs/headshots/file_69826ce3cb8d13.98384222.jpg,
1900f8a6120ba3694bff5b225fcb1d92,Josh,,Sokol,axcertypo@gmail.com,CA,https://wespa.org/docs/headshots/file_698963a718a409.94325897.jpg,
d98db9edd7ebb925b86302bb38bdf644,Joseph,Mahinda,Mathenge,joemahinda123@gmail.com,KE,https://wespa.org/docs/headshots/file_6981fde8c77df1.22798396.jpg,
c680b8050edd966bdda1bd7c3eb3ebc9,Joseph,,Bennett,joseph@jmbcopywriting.com,GB,https://wespa.org/docs/headshots/file_698290b9d9fdf6.97746009.jpg,
81be2608ba1143db1e5a440a394dc4dd,Jonathan,Sayonnoh Toe,Neah,senorfox11@gmail.com,LR,https://wespa.org/docs/headshots/file_6981f37bc92e24.61021387.jpg,
5914556e8e84854852614edc81f7d659,Jonathan,Cyril,Wesley,champs5791@gmail.com,LR,https://wespa.org/docs/headshots/file_69823bd649f275.44811385.jpg,
c4007f1bc7ab9b6ce6ba2756c155d378,John,Friday,Aiyedun,johnaiyedun1986@gmail.com,NG,https://wespa.org/docs/headshots/file_6981f23feb3637.00211780.jpg,
4ce2ca3d7ba1a5d3de5f48c1c96c1c4c,Joel,,Davey,joel.a.davey@gmail.com,GB,https://wespa.org/docs/headshots/file_69828c0db23c32.81976108.jpeg,
62d8299e5f20de93655caa08f9d8f4cd,Jerry,Siah Chiew,Jang,jjang350@gmail.com,MY,https://wespa.org/docs/headshots/file_6982d7c8cb5d99.27095225.jpg,
0554aa63ab3279173f0cb2699ba0bd6e,Jennie,,Frizelle,events@irishscrabble.org,IE,https://wespa.org/docs/headshots/file_69830e866b0826.91946187.jpg,
17fbd694057e41de0c39fcb2ababf413,Jason,,Ubeika,jubeika@,CA,https://wespa.org/docs/headshots/file_6981edfcd88161.75556469.jpg,
384f06f64c8fb30075b3641fdfe7bbce,Jason,,Carney,jason.carney1@gmail.com,GB,https://wespa.org/docs/headshots/file_69826277545851.71820185.JPG,
d3d3a89317657ec92d45eac80df84a4c,Jason,,Simpson,snorkl@xtra.co.nz,NZ,https://wespa.org/docs/headshots/file_69881b1ce81214.06001347.jpg,
cb33a2297084962ca22431e921e91bc0,Janny,Elizabeth,Irwin,jannylizzy@gmail.com,AU,https://wespa.org/docs/headshots/file_698282ed3c3796.47540903.jpeg,
84d4fe2ecd3950b0900b070df8f6f52d,Jamiu,Ayobami,Kareem,kjamiu4@gmail.com,NG,https://wespa.org/docs/headshots/file_6981efc6e739f9.98806362.jpeg,
41a5a7ee6c6e28becd3b05ed251a58e6,Jakkrit,,Klaphajone,makodica@yahoo.com,TH,https://wespa.org/docs/headshots/file_699c5db28af512.07681944.jpeg,
6ce4cda52874a3fc10c5e325d28ce9b9,Jacob,,Nyamai,jacobnyamai142@gmail.com,KE,https://wespa.org/docs/headshots/file_699be681c72569.44661283.jpg,
89b7f55563b2290748a945280bd34b47,Jack,Nathan,Moran,jacknmoran@gmail.com,GB,https://wespa.org/docs/headshots/file_6981ec6cc28582.89481391.jpeg,
9c9ca8eff05bb9554f4c03fd01aa8786,J Lemuel,,Gibson,glemuel80@gmail.com,LR,https://wespa.org/docs/headshots/file_6981f081cba7a9.31997464.jpeg,
3c1aa72da5c01bf1626c5f332a1e0c4f,Iyasele,Itua,Harrison,harrison iyaseleharrison@gmail.com,NG,https://wespa.org/docs/headshots/file_69821362cfb8f2.91603819.jpg,
da6382223ec98eaf8981422ad7268316,Ishika,,Shivalingaiah,ishika2k@yahoo.com,IN,https://wespa.org/docs/headshots/file_6985edee441655.52214338.jpeg,
e2de080e73ac37c30c78c9222152ba59,Isaac,Jonathan,Mabinda,isaacmabinda151@gmail.com,UG,https://wespa.org/docs/headshots/file_698adb91bdc829.79521942.jpg,
7e15d7c8e42c62fb1bc5fb1cf9e15f47,Imeth,,De Silva,imethdesilva@gmail.com,LK,https://wespa.org/docs/headshots/file_699abd6dca2069.96914475.jpeg,
090cda9a2890f46943feaff49079ad46,Ilamoga,,Fintakpa,idafintakpa@gmail.com,TG,https://wespa.org/docs/headshots/file_699e25d0901cc5.84647582.png,
2cd42dadb3bc8c2c0c86188789cab5cd,Igho,,Fregene,ifregene1@gmail.com,NG,https://wespa.org/docs/headshots/file_69833a1393e7d0.71206256.jpg,
5d0687969341fe06048361937ce76ab1,Ibukun,Olanrewaju,Faloye,ibfaloye@gmail.com,NG,https://wespa.org/docs/headshots/file_699b64882cf556.99058508.jpg,
58fb55b0abd03213013ae6a0395f5fa0,Ibrahim,,Mansoor,mansooriqbal.383@gmail.com,PK,https://wespa.org/docs/headshots/file_69a0a473d44264.33628745.jpg,
2b93c951498e907dc6cfc3d55d62000c,Ian,,Otieno,otienoian441@gmail.com,KE,https://wespa.org/docs/headshots/file_698490c65f5371.89070264.jpg,
41ad42259c3d3900f7e607d218535af4,Hubert,,Wee,hxfirexed_fla@yahoo.com,SG,https://wespa.org/docs/headshots/file_699533d45477a5.24450939.jpg,
103ec05426a2838abe4a9f685ba16b61,Hriday,,Samtani,hridz1992@gmail.com,IN,https://wespa.org/docs/headshots/file_6985ee325797c1.85771554.jpg,
4e7c6087e3fc1fa8a103a7acc6ca9886,Henry,,Semwanga,hlsemwanga@gmail.com,UG,https://wespa.org/docs/headshots/file_6986afa01cdf49.89923656.jpg,
1f4ee1d87a734255553f6900e3297ef7,Heather,,Laird,lairdheather11@gmail.com,GB,https://wespa.org/docs/headshots/file_699f7696821e96.99940787.jpeg,
fac37fc4249661ffd4ffec6ef61980b3,Hassan Bin,Bin,Arshad,hassanbinarshad1999@gmail.com,PK,https://wespa.org/docs/headshots/file_698355a38fc3f0.97047837.jpg,
eb8dc896aa0eb8e1ac0c4c07f4e180ee,Hasindu,,Arumapperuma,hasinduavishka@hotmail.com,LK,https://wespa.org/docs/headshots/file_698fab6faf9eb2.35379105.jpeg,
9363d41bb79811298d08985944f439e7,Greg,,Harper,gharp43@gmail.com,US,https://wespa.org/docs/headshots/file_69859dde6abe06.38859579.jpg,
6b5e5c094d1f512ba515ef3547eb7efb,Gerald,Afam,Nwadiaro,nwadiaroafam@gmail.com,NG,https://wespa.org/docs/headshots/file_69c3bb24475a56.02988413.jpg,
3652877047dabba7cd2da07bfe1ed6dd,Gbadebo,Olufemi,Olutunde,alleshfemi@gmail.com,NG,https://wespa.org/docs/headshots/file_6982007c349416.44276169.jpg,
1ec48276f0b87010e5e4e8ad8d090c8b,Gayanath,,Chandrasena,gayanathchandrasena@gmail.com,LK,https://wespa.org/docs/headshots/file_69835554ce6c28.30116971.jpg,
dfa9d9931c33c09c757ea005b64f5a75,Fred,,Kantan,kantanfred3@gmail.com,LR,https://wespa.org/docs/headshots/file_6981efd9531027.17911898.jpg,
a273f01dbdffdecb3ca9d9c4f9f5c6b9,Fred,Olubayo,Alabi,fred4alabi@yahoo.com,NG,https://wespa.org/docs/headshots/file_699b712e954823.41282913.jpeg,
92f9946fe1a1f1eacd50f9324405ea30,Francoise,M-G,Finlayson,francoisefinlayson@gmail.com,AU,https://wespa.org/docs/headshots/file_6982afa5c1d300.93374331.jpeg,
32e5e69d1f523827558b9acd317ae0af,Ferenc,,Gerlits,fgerlits@gmail.com,HU,https://wespa.org/docs/headshots/file_699d7d72cfe664.33758132.jpg,
f35dd5c17845b18d7f8864206a0ee549,Ferdy,,Anthonius,feranthonius@gmail.com,ID,https://wespa.org/docs/headshots/file_69857b3070c868.71465831.jpg,
a35b387a68f7c72f1275da77c593716b,Feranmi,Caleb,Oladele,oladelecf05@gmail.com,NG,https://wespa.org/docs/headshots/file_699b6e72eecb65.20201689.jpg,
169f7ddb1617ee30a17372c47a9684c7,Fawaz,,Jaleel,fawazjr@gmail.com,IN,https://wespa.org/docs/headshots/file_69823b145a0af3.56726167.jpeg,
5bccd04a5d46c006b50c96caba95a2ef,Fatawu,Abdulai,Bayenang,bayenangfatawu9@gmail.com,GH,https://wespa.org/docs/headshots/file_699c8ae03c7649.22869424.jpg,
b49597f56ecf392454f157ae45a1b6d7,Fatai,Bayo,Ahmed,ahmedfataibayo@gmail.com,NG,https://wespa.org/docs/headshots/file_69878de10a1930.98110706.jpeg,
5e24359604b9f2793b8abae38cadce99,Fadlan,,Satria,fadscrab@gmail.com,ID,https://wespa.org/docs/headshots/file_69826b5c494575.19565471.jpg,
94354cc8456c07171c68ec6cf314a4d7,Evan,Gary,Cohen,evangarycohen@gmail.com,IL,https://wespa.org/docs/headshots/file_6981fdffe64190.96064296.jpg,
1f280a40e5228c8adb1f855e3b527756,Eric,,Nagbe,ericnagbe79@gmail.com,LR,https://wespa.org/docs/headshots/file_6981f1e37cae76.01438514.jpg,
fe095dbe9aae34dac887b7e294163b47,Enoch,Tochukwu,Nwali,enochnwali@gmail.com,NG,https://wespa.org/docs/headshots/file_69821b76959e57.13884772.jpeg,
91319d5f0721d7e18bbffe62cef239b6,Emmanuel,Samuel,Jallah,badmeetevil2015@gmail.com,LR,https://wespa.org/docs/headshots/file_6981eb43492939.74706786.jpg,
77f677e23490ba61eb6c7da1d0a0c611,Emmanuel,,King,kingofhora2333@gmail.com,SL,https://wespa.org/docs/headshots/file_699ba45c15e4e9.11959916.jpeg,
432da63ef6265b3d8e2a5ffae9907079,Elisabeth,A E,Jardine,ejardine1@btinternet.com,GB,https://wespa.org/docs/headshots/file_6985e58ae5a8d9.03363580.jpeg,
ea0596086ebd08b675545d343d294f1c,Elie,,Dangoor,edangoor@aol.com,GB,https://wespa.org/docs/headshots/file_69856f9a969642.48780921.jpeg,
4abcf5205b06f5fcf390498504a2879f,Ekansh,,Arora,aroraekansh2706@gmail.com,IN,https://wespa.org/docs/headshots/file_698221157ff860.06555941.jpeg,
d3d19cb2f8c153f8eb167e9bbb8ab040,Egy,,Vedriyanto,egyvedriyanto78@gmail.com,ID,https://wespa.org/docs/headshots/file_6982aec9493162.34874636.jpg,
1e969bbdcd6f282d8b9bd38fa2cb4699,Durojaye,,Segun,cargobiz@gmail.com,NG,https://wespa.org/docs/headshots/file_6981f2e51bf2c5.95240419.jpg,
4c9e37d752f42cb5afdd6e79ad0399f5,Duffy,Charles,Ibe,duffystyx@gmail.com,NG,https://wespa.org/docs/headshots/file_69aa6e9db33876.82772816.jpg,
af7fc971defbe4b566b8642b5446d460,Dorothy,Veronica,Fields,dorothyfields.fields7@gmail.com,AU,https://wespa.org/docs/headshots/file_698253dedf44a3.80109037.jpg,
38f03b5c439ed243ac329f714be2e0ec,Dipson,,Pokhrel,dipsonpokhrel48@gmail.com,NP,https://wespa.org/docs/headshots/file_6983e6aa106294.90700241.jpg,
b815031198473af8d2387234b61d05ec,Dineth,Nimsara,Fernando,prasannachandimafernando@gmail.com,LK,https://wespa.org/docs/headshots/file_698358e01fa229.28608658.jpg,
10d94a47990c3de02e2c2d8018c06cfe,Dianne,,Davis,diannedavis1945@hotmail.com,AU,https://wespa.org/docs/headshots/file_69826f11af6a20.87169997.jpeg,
c24676ae914cced1ef924abc37b7c968,Diana,,Mason,diana@diverz.co.za,ZA,https://wespa.org/docs/headshots/file_6983168308faa4.91855404.jpg,
7bfdde177c6761eadfbc22d2fe5311da,Dhaval,,Rathod,dhaval.d84@gmail.com,IN,https://wespa.org/docs/headshots/file_69862f564c68a8.86217577.jpg,
805798dfa81452d093a5df97ea89d832,Devneth,Chathumina,Gunasena,devnethgunasena@gmail.com,LK,https://wespa.org/docs/headshots/file_69a05b2626b414.53744314.jpg,
f617905f464338f1030a2e89ae427503,David,,Delicata,daviddelicata@outlook.com,MT,https://wespa.org/docs/headshots/file_698231fa45b1a8.52869572.jpeg,
5e136fd913a1ea8f449347b5c3bbc214,David,,Grounds,dgrounds16@gmail.com,AU,https://wespa.org/docs/headshots/file_6982c301ba1d86.24650200.jpg,
f900d5b6f39a7215c183cedb62f49db1,David,,Webb,daviddweebwebb@gmail.com,GB,https://wespa.org/docs/headshots/file_698b00ca20b4e4.96320070.png,
87e4ad8f1f1e74cce3f235363947f108,Danish,,Shahna,drdanishshahna@gmail.com,IN,https://wespa.org/docs/headshots/file_69861a569d5e11.58602192.jpeg,
5fe1d4131955f45c1f129f5658fe0c8f,Daniel,C.,Kofie,danielckofie1984@gmail.com,LR,https://wespa.org/docs/headshots/file_69821e8ea2d3d9.48542916.jpg,
7f42269b3a916a3e2d7b2e34838dcf85,Chris,,Tallman,chrishtallman@gmail.com,NZ,https://wespa.org/docs/headshots/file_6982f463f35e34.76012325.jpg,
bfcc8e11a741d623ce29cccfa57dd26a,Chollapat,,Itthi-Aree,cholla_ku66@hotmail.com,TH,https://wespa.org/docs/headshots/file_6981fd1697c927.18289712.jpeg,
c56e4b46184651c626f99b96e5f9d1f0,Chinyere,,Owolabi,lovelylucia05@gmail.com,GB,https://wespa.org/docs/headshots/file_6981f3b2ade960.55310775.jpeg,
caeff15e43fac6b09dd3fb5aa7ae13f2,Chinedu,Nosike,Thorpe,sidespinscrabblesolutions@yahoo.com,NG,https://wespa.org/docs/headshots/file_698202b0d64354.54095706.jpg,
e21eec5ac500e447e2038a9ea212d7ab,Charnwit,,Iamudom,chanwit.iam@gmail.com,TH,https://wespa.org/docs/headshots/file_699bbc34db0184.12137418.jpeg,
a130cc9b43996da6c2acaed4db627222,Charles,,Uzamere,charlesuzamere@aol.com,NG,https://wespa.org/docs/headshots/file_699be468d03e38.26249890.jpg,
ce3f5f1bf722a5ff61dd52fbf5c9a0db,Charles,Leonard,Clarke,bandy612@gmail.com,IE,https://wespa.org/docs/headshots/file_699c2019b94e73.78554978.jpeg,
242c0bc3e732d4a1fdf6f249775747a6,Celina,,Liu,winny621@hotmail.com,AU,https://wespa.org/docs/headshots/file_6983d188f0df35.63867952.jpg,
42a44ec73c5ec2e47d6a530842a8dbf9,Cayden,Shannon,Ten,caydenten05@gmail.com,SG,https://wespa.org/docs/headshots/file_69832435e51e51.29143506.jpeg,
c5f8579104efbc4c9e51013e7fbc5b7a,Caroline,,Mclaughlin,mclaughlin.caroline66@gmail.com,GB,https://wespa.org/docs/headshots/file_699b625e008473.73415406.png,
b12815b478dcbeb5a716f3207470f6f0,Carol,,Johnsen,caroljscrabble@gmail.com,AU,https://wespa.org/docs/headshots/file_6982bd73e9a1b7.17339895.jpeg,
60442be41a61ad3c378b6835dbcbe8b4,Carl Philip,Nogra,Batucan,cpbatucan@gmail.com,PH,https://wespa.org/docs/headshots/file_6982b594eea2a3.97193916.jpg,
51811c11588dc6eb7d406a8c4e4d4aeb,Brian,,Po,brianwo651@gmail.com,HK,https://wespa.org/docs/headshots/file_699b5f9b928162.41884343.jpg,
208c9c37ef580845fd7a496c2483f2f6,Bobby,Malela,Hutagalung,macvermilion@gmail.com,ID,https://wespa.org/docs/headshots/file_69847303ae6810.14962027.png,
b35eef0985188cbda963176ffecb8707,Betty,,Kyeremateng,kyerematengbetty081@gmail.com,GH,https://wespa.org/docs/headshots/file_69a1ca7ee35763.71299333.jpg,
69ff62816b6028755572c6e8803e911e,Babajide,Omokayode,Alagbada,kayode,NG,https://wespa.org/docs/headshots/file_698448f6a5b743.15289313.jpeg,
b501d23680fc7bcb68eca9bc7743057f,Azmil,,Aziz,azmil_abaziz@yahoo.com,MY,https://wespa.org/docs/headshots/file_69832ff8d679b7.68015083.jpeg,
6a11d6095607e501453dfdd026f85590,Ayomiposi,Eric,Akinfemisoye,aakinfemi76@gmail.com,NG,https://wespa.org/docs/headshots/file_6981ede09d0e25.24676225.jpg,
47edac7cf17a8ab2b6c3045d8a7a701e,Ayomide,Johnson,Oluwole-Ojo,ayomidejohnson2020@gmail.com,NG,https://wespa.org/docs/headshots/file_699c2baab56ec7.14518491.jpg,
a048dad029c1c7314047b42ec2f5db6f,Ayodeji,Michael,Fadunmoye,fadunmoyeayodeji224@gmail.com,NG,https://wespa.org/docs/headshots/file_6981f1ed9fba92.23944861.jpg,
383d5e809e06494172f0bc5c50c698bc,Ayaan,Hassan,Khan,ayaan.programmer.2025.77@gmail.com,PK,https://wespa.org/docs/headshots/file_699c713fa1b312.28968044.png,
da46b65693aae0757f34fb3e7dae0587,Ashwin,Marc,Page,njbula@gmail.com,AU,https://wespa.org/docs/headshots/file_69a2e034d02478.80729836.jpeg,
e3216041da33f8819457819252c76d03,Asha,Namdev,Kamath,ashankamath@yahoo.com,IN,https://wespa.org/docs/headshots/file_699c85a3ded1d2.21908082.jpg,
f296120beff9317f2cff3bf3098f4d91,Asha,Namdev,Kamath,97463 92121,IN,https://wespa.org/docs/headshots/file_69861695e78982.95742344.jpg,
85bb9ee7f5b91c3b8bc3bda9b2ab067e,Arvind,,Lath,arvind_lath@yahoo.com,IN,https://wespa.org/docs/headshots/file_6986ae8f239fa7.52530990.jpg,
324ea19a60653a850679c5d3b153123e,Arnav,,Pandey,arjunpny@gmail.com,NP,https://wespa.org/docs/headshots/file_6981fa6840a9d1.72627786.png,
5e4b2b73ff35884c9c3f9cd847b449d5,Ark,,Kansara,arkkansara1212@gmail.com,IN,https://wespa.org/docs/headshots/file_69887c8e789bb7.07797005.jpg,
b70d60906b36e61f9713e22735675ec0,Ario,,Ananda,arioananda@yahoo.com,ID,https://wespa.org/docs/headshots/file_6982a65626dbb6.75081237.jpeg,
c40f9b917838f31b88cf16b82ce0336d,Arindam,,Basu,emailsalty@gmail.com,IN,https://wespa.org/docs/headshots/file_6993f9d076e107.01698895.jpg,
775705d4b61e2d5583bce4b2de195bc4,Arhynie,Kinanti,Asaga,arinikasaga@gmail.com,ID,https://wespa.org/docs/headshots/file_6982e372389667.41447254.jpeg,
fba8e0664c365a963aed05f8f4fe2b6b,Andy,,Kurnia,andykurn@gmail.com,SG,https://wespa.org/docs/headshots/file_699afa66e90695.84415067.jpg,
c09f5f7d8fe17e4b5874a967e4dfa2bd,Andrew,,Goodwin,andy_g1976@yahoo.co.uk,GB,https://wespa.org/docs/headshots/file_6982443ce519d3.26484310.jpeg,
eb099cffd3a8ae7a7f249c2ae30c7875,Andrew,,Fisher,aphis99@gmail.com,AU,https://wespa.org/docs/headshots/file_69829a16f35539.18008105.jpg,
54aa1d8d0db5929b6ffa80d5e99436ac,Anderina,,Mclean,anderinamclean@googlemail.com,NZ,https://wespa.org/docs/headshots/file_69885b017d6602.78268787.jpg,
12415ceaffe0d4287fb9152ed32edcf5,Aliu,Abdulqudus,Olawale,aliuabdulqudus23@gmail.com,NG,https://wespa.org/docs/headshots/file_698205613505d7.23798335.jpeg,
0d523c62775b75411a5bf20083d36bbc,Ali,,Mansoor,umnamansoor90@gmail.com,PK,https://wespa.org/docs/headshots/file_69a0a2a40b2112.94731208.jpg,
5ba34887f6f74c647a289a06c01410ea,Alexander,,Dings,alexander.dings@uni-saarland.de,DE,https://wespa.org/docs/headshots/file_6982449290ba35.76341692.jpeg,
6297878a49b214319c1b80b3defaa27f,Alexander,,Gozali,alexindahoz@gmail.com,ID,https://wespa.org/docs/headshots/file_6982ee715b1af2.15401944.jpg,
0b4772291b3cdf389d0238bcc47dad52,Al Amin,Fadilah,Muhammad Zain,emzetfadil@gmail.com,ID,https://wespa.org/docs/headshots/file_6985256c9a9dd6.01613686.jpeg,
1426a6b1d0fda6a954c7f32253abe896,Akshay,,Bhandarkar,akshay.bhandarkar@gmail.com,AE,https://wespa.org/docs/headshots/file_69870988ad0f44.15910387.jpeg,
de017887aca2ed74bf93ed84736e0005,Ahana,,Goyal,goyal.ahana@gmail.com,IN,https://wespa.org/docs/headshots/file_698602252f34e1.61622810.jpeg,
b566904009cc5318d7f59afa39771f2b,Adrian,George,Bailey,dadge1@gmail.com,GB,https://wespa.org/docs/headshots/file_6982456f4999b3.86290712.jpg,
d82183e3528d114c72cfc40c6038a44a,Adekoyejo,,Adegbesan,koyejo@gmail.com,NG,https://wespa.org/docs/headshots/file_698200113ae3c4.51147446.jpeg,
1e8e428e6b1fddcbdca904df2468fd81,Abraham,Carlors,Quiqui,abrahamcarlorsquiqui84@gmail.com,LR,https://wespa.org/docs/headshots/file_69820d713ed412.40393048.jpg,
e3f9f73e60f3b41fda4f9813be8512a8,Abid,Hussain,Hussain,abid_hussainsa@yahoo.com,IN,https://wespa.org/docs/headshots/file_699c34c2c04ea8.94578365.jpg,
19c4354861b2027c029d6b1e7ab0009a,Abel,Oghenekevwe,Umughare,anthonyomas891@gmail.com,NG,https://wespa.org/docs/headshots/file_6981e8c9a99b37.89889622.png,
307520554f3cbcd227f06ee1780a79db,Aarush,Bhandari,Chhetri,aarushchhetri80@gmail.com,NP,https://wespa.org/docs/headshots/file_69835c5b2d5719.20061417.jpg,
be9057cca5e846708281d28a5e88b707,A,,Krishnan,krishradio1@gmail.com,IN,https://wespa.org/docs/headshots/file_6985eabcb417a6.98156083.jpg,
